source_Time_s,source_Range_km,source_Altitude_m,source_Speed_mps,source_Mach,source_FlightPath_deg,source_Alpha_deg,source_DynamicPressure_kPa,source_LiftLoad_g,source_CL,source_CD,time_s,altitude_m,speed_m_s,mach_number,wall_temperature_K_fully_catalytic,wall_temperature_K_noncatalytic,heat_flux_W_m2_fully_catalytic,heat_flux_W_m2_noncatalytic
0.0,4.843516234022881e-15,1.97381824428344e-12,2722.35190420871,8.0,22.1783819200383,1.5113438780396e-33,4539.36,1.36855024229224e-32,1.12989579666119e-34,0.091163,0.0,1.97381824428344e-12,2722.35190420871,7.999257100648672,3095.614025905748,3071.926408720649,4165434.1076719873,4039394.556350046
0.0624264106341705,0.15717640590901,64.0568386580504,2715.38967826382,7.98531186968999,22.1678485997887,1.78149963690771e-15,4488.4642097891,1.59665014438383e-14,1.3331661300747001e-16,0.0914188917102175,0.0624264106341705,64.0568386580504,2715.38967826382,7.984538472652907,3084.305285294868,3061.0321245281834,4104899.0219999608,3982397.3977717427
0.249609385536231,0.626134489473206,254.981756714057,2694.85264677979,7.94206230541904,22.1360572399355,2.72040485728951e-16,4340.250542258,2.36438945706057e-15,2.0416274097511e-17,0.0921723712024246,0.249609385536231,254.981756714057,2694.85264677979,7.941199904142403,3050.9249477338217,3028.8490854698402,3930059.655273905,3817539.903262879
0.561260302126179,1.39937050686298,569.12814168445,2661.75670812568,7.87262675114531,22.0824422515709,5.89070084655666e-16,4107.35635700208,4.867326221915361e-15,4.44120013394037e-17,0.0933820542837967,0.561260302126179,569.12814168445,2661.75670812568,7.871623963006404,2997.0674138609456,2976.840275104692,3659814.6640250348,3562010.351408231
0.99689861727954,2.46504879675958,1000.70665801148,2617.68854084463,7.78073961120666,22.006089543357,1.3509329023158299e-34,3808.44480595727,1.04126824882531e-33,1.02467757864442e-35,0.0949828814067612,0.99689861727954,1000.70665801148,2617.68854084463,7.7795558636811775,2925.2489195368503,2907.3254496896875,3321424.281795008,3240765.7901759325
1.55585260829005,3.80791343705707,1542.1769538753,2564.65893596836,7.67117831127054,21.905778739316,1.07087443607809e-15,3465.27484537061,7.56416403399617e-15,8.180795298215931e-17,0.096891621853815,1.55585260829005,1542.1769538753,2564.65893596836,7.669786184855827,2838.706353523203,2823.3121523729906,2945472.1791634266,2882097.2814954408
2.23726040861736,5.41039141582787,2184.72115027129,2504.92381483503,7.54936776654487,21.7800404956456,-2.62272348924173e-32,3099.69004832189,0.0,0.0,0.091163,2.23726040861736,2184.72115027129,2504.92381483503,7.547753882643992,2741.1361020993195,2728.273744730324,2560916.6517671254,2513187.0920198783
3.04007133682278,7.25374994961885,2918.73986292914,2440.7973678727,7.42095508291142,21.6272262635035,3.10383692138702e-34,2731.15102240008,1.75604343390552e-33,2.4096935290907203e-35,0.101250927530545,3.04007133682278,2918.73986292914,2440.7973678727,7.419119696624025,2636.3959540676983,2625.8877568557523,2191369.3943717973,2156640.1148582064
3.96304751664393,9.31917693612503,3734.31452043394,2374.48258955854,7.29141077353466,21.4455864499698,5.29110808286008e-18,2375.17853648559,2.6249237712990004e-17,4.1418341952416904e-19,0.10350780530707,3.96304751664393,3734.31452043394,2374.48258955854,7.289366422493173,2528.2043131763858,2519.757769941309,1853197.5506174702,1828555.8017094072
5.00476578571015,11.5886828717568,4621.59264695659,2307.939377979,7.16570546736025,21.2333519001359,2.74598918250422e-16,2042.76727602716,1.1809743242814802e-15,2.16667532349796e-17,0.105697801249472,5.00476578571015,4621.59264695659,2307.939377979,7.163475103553856,2419.8797212137156,2413.155545792083,1555421.7461699927,1538205.3273759286
6.16361988995582,14.0457649058979,5571.07131962794,2242.80087252005,7.04809182841481,20.9888131654911,1.0997668529074899e-33,1740.5898477313,4.0599634965195795e-33,8.741741426392821e-35,0.107746826862633,6.16361988995582,5571.07131962794,2242.80087252005,7.045706827800374,2314.1597743747157,2308.8253822166753,1300907.468099214,1288953.941144242
7.43782296034758,16.6758181972738,6573.77332996187,2180.33820121095,6.94199747064858,20.7103924186821,2.8783105471835398e-33,1471.69589189339,9.0437664901741e-33,2.30305089919512e-34,0.109595167398851,7.43782296034758,6573.77332996187,2180.33820121095,6.939495812814236,2213.1185320012587,2208.879646075765,1088157.4637811037,1079844.596315982
8.82541026810699,19.4663153762775,7621.32603164825,2121.46562168486,6.85001429293929,20.3967038751992,2.1497885642847002e-16,1236.41449886035,5.7072280966924e-16,1.72994945550864e-17,0.111197667659843,8.82541026810699,7621.32603164825,2121.46562168486,6.847439076478555,2118.1752002236585,2114.787865445066,913104.6654407597,907277.8013728553
10.3242422541798,22.4067969216124,8705.96230302291,2066.77388560758,6.77395796121716,20.046600033853,4.92778929640371e-16,1033.24237760351,1.0983808487681302e-15,3.98403381077465e-17,0.112522695718995,10.3242422541798,8705.96230302291,2066.77388560758,6.771356306288462,2030.167682403981,2027.4376156148223,770549.7542602429,766413.322010248
11.932007828281,25.4887238708796,9820.46664953939,2016.5793178335,6.71496862486083,19.6592026344196,1.77667068835589e-32,859.593746573811,3.30650538666768e-32,1.44161157506087e-33,0.113550388273883,11.932007828281,9820.46664953939,2016.5793178335,6.712390931569943,1949.4592961758742,1947.2352912773063,655133.3874546433,652148.9118312019
13.6462279324285,28.7052417336936,10958.0882799116,1970.97830536041,6.67362787361324,19.233918575035,9.88612822579515e-17,712.366692268394,1.528607934115e-16,8.04201312899491e-18,0.114270613061868,13.6462279324285,10958.0882799116,1970.97830536041,6.671127356493922,1876.0526031472634,1874.2183746333144,561892.3145494025,559698.0724581805
15.4642593634709,32.0510409115708,12112.4892832083,1930.14046356359,6.5413080851215,18.7704649875351,3.59387954700538e-34,570.875799052964,4.48915668454604e-34,2.9471036129865e-35,0.116575844310375,15.4642593634709,12112.4892832083,1930.14046356359,6.5388620518266505,1814.6852625286808,1813.09534332528,491901.66756186093,490180.0319686559
17.383298848715,35.5224109414373,13277.7602258081,1893.9642449592,6.41870571720413,18.2689211578218,1.74853071504317e-23,457.744986614483,1.76428356238083e-23,1.4444983994549101e-24,0.118711781896775,17.383298848715,13277.7602258081,1893.9642449592,6.4163055293992155,1760.8729789962604,1759.4686929213758,436099.0720035497,434709.5892567992
19.4003873683694,39.116280992263,14448.0930209681,1861.93241080921,6.31014880144485,17.7296097072598,9.04014146879187e-24,368.135842691246,7.3837862186942e-24,7.516978085427141e-25,0.120603024297495,19.4003873683694,14448.0930209681,1861.93241080921,6.307789207023866,1713.4298428322209,1712.1697881436633,390965.4255119661,389816.63110328815
21.5124147181382,42.8297378441846,15617.6383427102,1833.53995923187,6.21392587023065,17.1530315172538,-7.72432729933664e-34,297.128458667632,0.0,0.0,0.143428,21.5124147181382,15617.6383427102,1833.53995923187,6.211602257067579,1671.4843088397504,1670.3372702297313,354064.39977809537,353093.50779434864
23.7161243049309,46.6598372032585,16780.4735686852,1808.31892281057,6.12845096694138,16.5398394545307,3.08983014340478e-16,240.814772928361,1.66878320919096e-16,2.59710237535505e-17,0.12376850340427,23.7161243049309,16780.4735686852,1808.31892281057,6.126159315957224,1634.2556480119274,1633.1979780814177,323558.65703341545,322721.85726606724
26.0081181682927,50.6034664321281,17930.5944389152,1785.84834286383,6.05229744907169,15.8908170923068,4.45201542583653e-24,196.104037211711,1.9668653059877002e-24,3.75889642196276e-25,0.125095224608089,26.0081181682927,17930.5944389152,1785.84834286383,6.05003427466101,1601.0622143977398,1600.0759233431356,298061.49709420913,297327.7245928496
28.3848622198134,54.6572506663171,19061.9258647064,1765.75811441967,5.98421101897266,15.2068628068183,7.557899547322291e-24,160.557817463012,2.74472834609864e-24,6.40678551621428e-25,0.126281403697798,28.3848622198134,19061.9258647064,1765.75811441967,5.981973304557566,1571.3210105466155,1570.3923675317617,276523.9273330904,275870.8094602134
30.8426916924353,58.8174931414893,20168.3472593052,1747.72933100526,5.92168208789838,14.4889787531693,3.00886265364106e-24,132.191545973696,9.02943299377459e-25,2.55993578529254e-25,0.127370761891997,30.8426916924353,20168.3472593052,1747.72933100526,5.919466564676494,1544.6109711268437,1543.728930472703,258195.99821136464,257606.73820504584
33.3778167912587,63.0801584778047,21243.7325843273,1731.50544146898,5.85230637824994,13.7382672372429,1.60269551052763e-16,109.14758102671,3.9872575102681204e-17,1.36909140227999e-17,0.128579402380256,33.3778167912587,21243.7325843273,1731.50544146898,5.85010540468317,1521.1105395994548,1520.262318579498,242837.72074701803,242296.51660431802
35.9863285371307,67.4408750504346,22281.9966989175,1716.85949007245,5.78911770946955,12.9559305030612,1.93469351046012e-16,90.8890258495372,4.02276676495249e-17,1.65876811348216e-17,0.129680254304858,35.9863285371307,22281.9966989175,1716.85949007245,5.786930664332611,1499.839820593898,1499.019846565765,229536.92824935212,229035.38128149268
38.6642047940079,71.894888545222,23277.1303568979,1703.59266428307,5.7314599328954,12.1432604156356,1.57723793521683e-32,76.3809851248878,2.76523057664241e-33,1.3568079157093e-33,0.130684748869074,38.6642047940079,23277.1303568979,1703.59266428307,5.729286300291424,1480.5154875807557,1479.719592725155,217933.93744678338,217465.68788243373
41.4073164707985,76.4370710004208,24223.2498153296,1691.54426977608,5.67880905371335,11.3016380908057,2.4556866829229e-33,64.8225638615764,3.6649307940921297e-34,2.11890676459249e-34,0.131602014935891,41.4073164707985,24223.2498153296,1691.54426977608,5.676648369427455,1462.9158658871834,1462.1409502671322,207754.50312782355,207314.65736316293
44.2114338881217,81.0619465547425,25114.6491877575,1680.58550984218,5.63075056161321,10.4325363000836,3.26165235525732e-34,55.5931933175462,4.18625066294402e-35,2.82212263405543e-35,0.132439273965762,44.2114338881217,25114.6491877575,1680.58550984218,5.628602368941377,1446.869919479224,1446.1136905047458,198788.3810445423,198373.10745432955
47.0722333001664,85.7637194903578,25945.8512171999,1670.61387792456,5.58695920975304,9.53752165133954,2.09813496607256e-24,48.211571204631,2.3412112403208603e-25,1.81995893497453e-25,0.133202192300752,47.0722333001664,25945.8512171999,1670.61387792456,5.584823024646063,1432.2475384980482,1431.5083084579667,190873.3887540746,190479.62960951828
49.9853035615941,90.536302903086,26711.6556596814,1661.54819510298,5.54718130516094,8.61825596838244,1.86004025794975e-24,42.3042081075783,1.82536409558879e-25,1.6171049536071902e-25,0.133895189695254,49.9853035615941,26711.6556596814,1661.54819510298,5.545056590297806,1418.9510705497776,1418.2275996114938,183883.4849720988,183508.749998468
52.9461529292053,95.3733468366725,27407.1847221425,1653.32427376707,5.51121939607327,7.67649640975637,1.67925957233424e-13,37.5813146947434,1.46698071962073e-14,1.46293392347358e-14,0.134521706088077,52.9461529292053,27407.1847221425,1653.32427376707,5.509105543329958,1406.9079940848924,1406.1993698711785,177719.80790543658,177362.026316334
55.9502159878816,100.268265116766,28027.9251909167,1645.89116273263,5.47891915235985,6.71409398252372,1.27797016466945e-30,33.818319493982,1.00648215199261e-31,1.11538892697161e-31,0.135084430167304,55.9502159878816,28027.9251909167,1645.89116273263,5.476815473042776,1396.0646206300078,1395.370167858117,172303.90924864938,171961.32432032528
58.9928606901255,105.214260443788,28569.7670237649,1639.20791428959,5.45015818713259,5.73299022303492,2.40962538550052e-25,30.8417225058769,1.73353045496419e-26,2.10651775527239e-26,0.135585494116505,58.9928606901255,28569.7670237649,1639.20791428959,5.448063909290354,1386.3807070250175,1385.6999221684764,167572.62396224524,167243.71891552248
62.0693954983414,110.204347521452,29029.0382725644,1633.2408062615,5.42483654644415,4.73521189985977,2.82517902752635e-16,28.5183028199518,1.88207571086877e-17,2.47335062761739e-17,0.136026639300032,62.0693954983414,29029.0382725644,1633.2408062615,5.4227508185476765,1377.8248595094183,1377.1573663673935,163474.1587000037,163157.6058065078
65.1750766188468,115.231374045845,29402.5362763252,1627.96095354477,5.40286860317497,3.72286369574018,2.44501392688738e-16,26.7469361413971,1.52954955177005e-17,2.14319547578764e-17,0.13640935748502,65.1750766188468,29402.5362763252,1627.96095354477,5.400790503451942,1370.3706195824989,1369.7161422228032,159965.08511811143,159659.7121107626
68.305115316458,120.288039654592,29687.5550977775,1623.34224432406,5.38417609883093,2.69811889177503,7.8772043184466e-16,25.4524604822494,4.69428696559959e-17,6.9121338042774e-17,0.136735012064867,68.305115316458,29687.5550977775,1623.34224432406,5.382104649553698,1363.993126753187,1363.3514766982976,157007.99708603276,156712.76649550456
71.4546852983731,125.366912708424,29881.9092364219,1619.3595441771,5.36868210829178,1.66320815801564,2.32590033176128e-32,24.5811698890619,1.3398061699854899e-33,2.04273344078767e-33,0.137004943203377,71.4546852983731,29881.9092364219,1619.3595441771,5.366616294337007,1358.6662658550042,1358.0373406620001,154569.64727318689,154283.64542270737
74.6189301559653,130.460445110911,29983.9536347762,1615.98710275769,5.35630567944789,0.620406617948156,7.14283782832465e-17,24.0976274014801,4.0364275016213896e-18,6.27762176087235e-18,0.137220561221219,74.6189301559653,29983.9536347762,1615.98710275769,5.354244470488368,1354.3601991215996,1353.743989795054,152619.41207232638,152341.84531819657
77.7929708530133,135.560985047379,29992.6000787009,1613.1971111364,5.34695694751816,-0.427980629486521,9.0702249750801e-17,23.9825780241346,5.10381958217773e-18,7.97575346727471e-18,0.137383431712654,77.7929708530133,29992.6000787009,1613.1971111364,5.344899323241203,1351.0392021252508,1350.435807001925,151127.97011622172,150858.1665221242
80.9719132488214,140.660787627385,29907.3300586168,1610.95840760667,5.34053269273424,-1.47963416567383,2.75804690864618e-16,24.2318176004415,1.5686517306199402e-17,2.4261230011905602e-17,0.137495352938082,80.9719132488214,29907.3300586168,1610.95840760667,5.338477670457471,1348.659782119633,1348.0694247969027,150066.1265849109,149803.54150733064
84.1508556446293,145.752023804069,29728.2041898106,1609.23520397411,5.33691189597038,-2.5322369159956,1.1158783988241e-15,24.855931955217,6.51140280020676e-17,9.817858853461781e-17,0.137558433252369,84.1508556446293,29728.2041898106,1609.23520397411,5.334858560166667,1347.1689150468148,1346.591964446096,149403.66761900857,149147.89218833906
87.3248963416774,150.826787052485,29455.8683781565,1607.98573943078,5.33595096417386,-3.58349152187029,1.9456394628786901e-25,25.8808756488479,1.18220426586332e-26,1.7119293179728002e-26,0.137575174285818,87.3248963416774,29455.8683781565,1607.98573943078,5.333898497513323,1346.502277862214,1345.9392687568375,149108.1615825307,148858.9332922439
90.4891411992696,155.877097509121,29091.5569235152,1607.16102925969,5.33747916127577,-4.63113798980465,3.7318282603279903e-17,27.3494162571298,2.3959814305046e-18,3.28327802650859e-18,0.137548550545307,90.4891411992696,29091.5569235152,1607.16102925969,5.335426876557226,1346.5826640783212,1346.0343154699779,149143.77181359645,148900.98586157063
93.6387111811847,160.894904458906,28637.0925760736,1606.70344943392,5.34129337063423,-5.67297133142951,2.98857905810795e-17,29.3235025182113,2.05684155766013e-18,2.6287983231068897e-18,0.137482100661267,93.6387111811847,28637.0925760736,1606.70344943392,5.3392407432838285,1347.3182694724892,1346.7854991663783,149469.9334295933,149233.65393299662
96.7687498787959,165.872086159824,28094.8839026074,1606.54511058496,5.34715201413354,-6.7068590009993,2.6151668853085697e-28,31.887657986207,1.9565846262614e-29,2.2995787512737698e-29,0.137380033327103,96.7687498787959,28094.8839026074,1606.54511058496,5.3450987149802325,1348.6007846060136,1348.0847182402226,150039.86956284774,149810.3395280129
99.8744309993013,170.800445856371,27467.9211552133,1606.60606163528,5.35476823095962,-7.73075809956581,2.70588122667715e-16,35.1535299379421,2.23083511149674e-17,2.3783228240345e-17,0.137247346136298,99.8744309993013,27467.9211552133,1606.60606163528,5.352714158916089,1350.3033323191087,1349.8053046349844,150798.9798591495,150576.62825658693
102.950965807517,175.671706749216,26759.7688070711,1606.79216662533,5.36380179978589,-8.74273149973415,4.11950112372247e-17,39.2657431507746,3.79163545144899e-18,3.61897037000617e-18,0.137089966311397,102.950965807517,26759.7688070711,1606.79216662533,5.361747114223367,1352.2780633630111,1351.7996099849872,151683.0517534735,151468.4959945197
105.993610509761,180.477503605701,25974.5566847032,1606.99264182501,5.37384971884338,-9.74096324546916,5.46742426842751e-17,44.4091784632496,5.6882273627248095e-18,4.80038954908285e-18,0.136914914814884,105.993610509761,25974.5566847032,1606.99264182501,5.3717948714310655,1354.3533839651388,1353.8962217504088,152616.34016480268,152410.38178991884
108.997673568437,185.209369880822,25116.9709290771,1607.07718850067,5.3844351930887,-10.7237733521132,-5.3484510933414294e-33,50.8177193780697,0.0,0.0,0.143428,108.997673568437,25116.9709290771,1607.07718850067,5.382380958906499,1356.3307348916098,1355.8967290294795,153509.57112386153,153313.18220250262
111.958522936049,189.85872484121,24192.2417180238,1606.89269019574,5.39499494084276,-11.6896310109276,8.38654369698446e-18,58.784376817279,1.15357742710546e-18,7.35456692521112e-19,0.136546529805618,111.958522936049,24192.2417180238,1606.89269019574,5.392942448572417,1357.9809005936736,1357.5720168616795,154257.99889179005,154072.29641222625
114.871593197476,194.416856488848,23206.1319367895,1606.25951821273,5.4048649001313,-12.6371671857344,3.98656215997005e-24,68.6723543618179,6.402351881935071e-25,3.4940561222863403e-25,0.136374578664879,114.871593197476,23206.1319367895,1606.25951821273,5.402815661035245,1359.0399192868308,1358.6581598409587,154739.75323784997,154565.9585600703
117.732392609521,198.874903740149,22164.9251432243,1604.96757106105,5.41326477123343,-13.5651860387947,6.31772884324996e-16,80.9261374138234,1.19509423995523e-16,5.53459204661595e-17,0.136228238910495,117.732392609521,22164.9251432243,1604.96757106105,5.411220706436383,1359.2048121522935,1358.8521334902464,154814.86545503035,154654.24609318367
120.536510026844,203.223841152346,21075.4111882272,1602.77225636625,5.41928213284322,-14.4726747752444,1.60092739739327e-33,96.0809036168006,3.59428854974216e-34,1.4020003888103998e-34,0.136123406442316,120.536510026844,21075.4111882272,1602.77225636625,5.417245598166958,1358.1294978063904,1357.8077101779288,154325.52877046022,154179.32062309136
123.279621703635,207.454467458182,19944.8707214551,1599.39090836898,5.42038720895356,-15.3588120862323,5.47093998838537e-24,114.704559669775,1.46628923558694e-24,4.790835266000531e-25,0.136104154174681,123.279621703635,19944.8707214551,1599.39090836898,5.418360328792685,1355.5057591770217,1355.2161577863883,153136.42858929705,153005.60122268248
125.957497960512,211.557426499045,18781.049852399,1594.52775424015,5.40390582326033,-16.2229694101864,2.56758009942337e-29,136.8215488159,8.21601381106843e-30,2.2504995574406398e-30,0.136391287382433,125.957497960512,18781.049852399,1594.52775424015,5.401885106089733,1351.5957126540743,1351.3373824888115,151377.13027733873,151261.43275367818
128.566009706384,215.52330193492,17592.1107758857,1587.86145019134,5.38131350451694,-17.0646961708481,-2.65362470559551e-33,163.483551008797,0.0,0.0,0.143428,128.566009706384,17592.1107758857,1587.86145019134,5.379301235437012,1345.252324850029,1345.0261186746127,148555.26586724544,148455.3719128231
131.101134805207,219.342633941121,16386.5993320893,1579.03046768497,5.35138502088637,-17.8837242935939,4.92636408405584e-16,195.320439082878,2.25708018679113e-16,4.33083432356392e-17,0.137306287294458,131.101134805207,16386.5993320893,1579.03046768497,5.349383943156307,1336.0033774474086,1335.8095241529988,144511.7865408146,144427.93049756266
133.558964277829,223.006004944942,15173.3883418652,1567.65905408759,5.31284693461337,-18.6799591190395,2.75870784970966e-35,232.88610383412,1.5103107170812602e-35,2.43049651367491e-36,0.137977684987477,133.558964277829,15173.3883418652,1567.65905408759,5.310860267677139,1323.3745871917615,1323.2125578801158,139124.68958540013,139056.56635484344
135.93570832935,226.504180110918,13961.5971623682,1553.37423286887,5.26443521624546,-19.4534604713971,3.09260507634701e-34,276.567339602504,2.01616288303595e-34,2.7321025504356404e-35,0.138821097807644,135.93570832935,13961.5971623682,1553.37423286887,5.26246665221365,1306.917460633211,1306.785875000361,132332.2470004538,132278.960107132
138.227702192712,229.82830258066,12760.4834396762,1535.83098874729,5.20498059790135,-20.2044132482181,1.88097818156625e-34,326.47282325326,1.45237845210239e-34,1.6672665442614999e-35,0.139856896350229,138.227702192712,12760.4834396762,1535.83098874729,5.203034266116352,1286.2481900908967,1286.144790989088,124157.26939926053,124117.35112433837
140.431411779504,232.970146331421,11579.3029129322,1514.74496637985,5.1335193901815,-20.9330857487437,2.70781747944204e-17,382.315113061847,2.4582429328992e-17,2.4097700735881697e-18,0.141101869690721,140.431411779504,11579.3029129322,1514.74496637985,5.131599780344338,1261.0955938415752,1261.0173177872375,114726.85252878923,114698.37085204506
142.543439129273,235.922422712777,10427.1349766803,1490.00530524143,5.00557190437633,-21.6397736598849,8.49032726718734e-14,435.28815153885,8.83841387448856e-14,7.609739007638731e-15,0.143330928139257,142.543439129273,10427.1349766803,1490.00530524143,5.0036692492859824,1234.5160646528227,1234.45715202537,105356.18321308769,105336.07374519689
144.560527648928,238.67950029503,9312.529807644,1461.58139475839,4.83158641716002,-22.3246303375581,-1.51207704903413e-32,480.421305613401,0.0,0.0,0.143428,144.560527648928,9312.529807644,1461.58139475839,4.829726068913603,1206.371495552561,1206.3274857476147,96072.10666528546,96058.08815332064
146.479567134172,241.236431804847,8243.81169185981,1428.99972447445,4.65362227077752,-22.9879285445786,1.8842030551223499e-28,521.71465836915,2.40931751252178e-28,1.73074574216777e-29,0.163173955209786,146.479567134172,8243.81169185981,1428.99972447445,4.651846425005362,1173.3812891960679,1173.3499400007654,85986.38293416513,85977.194119204
148.297598565214,243.590102391217,7228.5354294941,1392.78200718695,4.47335564990596,-23.6297704667359,1.46171915959973e-33,557.544696551979,2.02234764358827e-33,1.3594035439346099e-34,0.173450414465811,148.297598565214,7228.5354294941,1392.78200718695,4.471696081503282,1136.3872701350151,1136.3659717554287,75644.69676040948,75639.02593246326
150.011818669362,245.740063612745,6273.02660777749,1353.69457277766,4.29301345385317,-24.2498211085951,9.27430564165842e-17,586.737242095917,1.36694972755508e-16,8.731345249516201e-18,0.183731182036193,150.011818669362,6273.02660777749,1353.69457277766,4.291491591186001,1096.5108794830185,1096.4970394506058,65572.96569894915,65569.65514433214
151.619584243463,247.688584195302,5382.22956105471,1312.68607707517,4.11517456586191,-24.8472043556141,1.66904581736054e-17,608.700299357139,2.5827230125004e-17,1.5901811111095898e-18,0.19386924352391,151.619584243463,5382.22956105471,1312.68607707517,4.113802231340971,1055.0385754754604,1055.0299249657444,56201.30527617379,56199.46206789933
153.118416229536,249.44048230234,4559.65877263005,1270.81085157773,3.94255326496169,-25.4204337545688,4.16927855200043e-16,623.459235322879,6.684105506313201e-16,4.01797756506615e-17,0.203709866024329,153.118416229536,4559.65877263005,1270.81085157773,3.941333940883657,1013.2961218135147,1013.2908768896446,47820.99055919589,47820.000461623815
154.506003537295,251.002758915677,3807.4553960632,1229.14226604661,3.77777267365795,-25.9673825862025,5.78532239843818e-34,631.587761982195,9.49785973875898e-34,5.63591350156049e-35,0.213103513192781,154.506003537295,3807.4553960632,1229.14226604661,3.77670309532405,972.5265533373231,972.5234343132727,40576.9049347117,40576.38439475068
155.780206607687,252.384084179426,3126.53690336572,1188.69279217135,3.62317217892599,-26.4853043836434,3.32253956861349e-16,634.063742280844,5.531238424609e-16,3.26935238413098e-17,0.221916823595966,155.780206607687,3126.53690336572,1188.69279217135,3.6222440333890162,933.7840339695745,933.7821898626381,34487.27037820775,34486.99794679402
156.939060711933,253.594208244564,2516.81222494677,1150.35319712046,3.48067724518788,-26.9709035969518,5.49471346003256e-16,632.093446695029,9.20282477793408e-16,5.4564746129632603e-17,0.230040032283574,156.939060711933,2516.81222494677,1150.35319712046,3.479878779608405,897.879547463464,897.8784486816586,29481.21390763239,29481.069597130736
157.980778980999,254.643368462344,1977.42980178714,1114.85755551086,3.35174335031408,-27.4204530577096,2.27922576609186e-16,626.94629211371,3.81749589058398e-16,2.28202560781351e-17,0.237390166828645,157.980778980999,1977.42980178714,1114.85755551086,3.35106075143924,865.3896984845674,865.3890297116238,25440.165382204756,25440.086741682026
158.90375516082,255.541750721174,1507.02743922571,1082.77350053108,3.23736642637585,-27.8299481706728,2.15823173890823e-14,619.827225609505,3.59972025459089e-14,2.17655866265383e-15,0.243910452131592,158.90375516082,1507.02743922571,1082.77350053108,3.2367849010799725,836.6748333988803,836.6744122391937,22227.973456486816,22227.928700656266
159.706566089025,256.299039761623,1103.96071089465,1054.51223813526,3.13814085097155,-28.1952837683495,5.32187286701921e-16,611.796156720852,8.81609589423427e-16,5.4005977922505105e-17,0.249567004508665,159.706566089025,1103.96071089465,1054.51223813526,3.1376453973206897,811.9157740483707,811.9154965468592,19711.376895807618,19711.349947524293
160.387973889353,256.924071451298,766.496716213543,1030.35148221173,3.05434480969914,-28.5124422079347,6.43030331196012e-16,603.730862217942,1.0566989037639701e-15,6.55964223165038e-17,0.254343965433481,160.387973889353,766.496716213543,1030.35148221173,3.0539207081567112,791.1599167355308,791.1597237130464,17771.748156478345,17771.73081310362
160.946927880363,257.425754645443,492.336056762172,1015.21576846415,3.00005357974018,-28.7770732815704,2.86023173346685e-16,601.980415661916,4.70246198238631e-16,2.92762336247783e-17,0.257438945579752,160.946927880363,492.336056762172,1015.21576846415,2.9996850444340546,778.749022752738,778.7488687297456,16682.5757142023,16682.56251611462
161.382566195517,257.813478757936,278.399460660811,1017.67859321833,3.00002102459917,-28.9842984632634,6.47837210280321e-17,617.566656190805,1.0926782936119001e-16,6.63102629203653e-18,0.257440801450675,161.382566195517,278.399460660811,1017.67859321833,2.999690993919225,782.305885419325,782.3057227754068,16989.45455092445,16989.440422279138
161.694217112107,258.090959396047,124.199312195634,1019.45271871648,3.00000531706899,-29.1320540822925,-1.42702927514416e-32,629.006025412232,0.0,0.0,0.257442,161.694217112107,124.199312195634,1019.45271871648,2.9997035934232423,784.8704043354334,784.8702352213097,17213.3285604312,17213.313724779262
161.881400087009,258.257662271519,31.1200917788702,1020.52374787034,3.0000005093533,-29.220583438721,7.11978278395419e-16,635.995986701,1.2366997101934401e-15,7.28756023496722e-17,0.257441970963296,161.881400087009,31.1200917788702,1020.52374787034,2.9997160967367407,786.4192399164428,786.4190667884104,17349.60398192756,17349.588704062237
161.943826497643,258.313265704063,-9.891751347630469e-30,1020.88196232437,2.99999999484593,-29.2500711832911,3.54642322563001e-18,638.347497806607,0.0,0.0,0.257442,161.943826497643,-9.891751347630469e-30,1020.88196232437,2.9997214075896683,786.9373143779358,786.9371398890853,17395.367219604796,17395.351791201214
