time_s,altitude_m,speed_m_s,source_mach_number,source_range_km,source_flight_path_angle_deg,source_angle_of_attack_deg,source_dynamic_pressure_kPa,source_lift_load_g,source_lift_coefficient,source_drag_coefficient,source_csv_row,mach_number,freestream_temperature_K,freestream_pressure_Pa,freestream_density_kg_m3,freestream_sound_speed_m_s,freestream_dynamic_pressure_Pa,edge_pressure_Pa,edge_temperature_K,edge_density_kg_m3,edge_total_enthalpy_J_kg,edge_specific_heat_cp_J_kg_K,edge_prandtl_number,shock_conservation_error,edge_conservation_error,wall_heat_balance_error,nose_radius_knudsen_number,wall_temperature_K_fully_catalytic,wall_temperature_K_noncatalytic,heat_flux_W_m2_fully_catalytic,heat_flux_W_m2_noncatalytic,sample_status
0,1.97381824428344e-12,2722.35190420871,8,4.84351623402288e-15,22.178381920038301,1.5113438780395999e-33,4539.3599999999997,1.3685502422922401e-32,1.1298957966611899e-34,0.091162999999999994,2,7.9992571006486717,288.14999999999998,101325,1.2250033729238567,340.32559148373298,4539372.4315450918,8568165.9291428458,3170.0055790832134,9.3745616809675294,3691352.7937840545,1298.9137942308719,0.70417058469651839,3.1295024335595552e-10,6.8960986625521437e-11,2.8684840734956534e-09,6.442173934252439e-05,3095.6140259057479,3071.9264087206489,4165434.1076719873,4039394.5563500458,completed
0.062426410634170502,64.056838658050395,2715.3896782638199,7.9853118696899896,0.15717640590901,22.167848599788702,1.7814996369077101e-15,4488.4642097891001,1.59665014438383e-14,1.3331661300746999e-16,0.091418891710217498,3,7.9845384726529067,287.73363474441618,100557.84596447072,1.2174878221801557,340.08098120687202,4488476.5019503925,8471623.1408965793,3158.3282146684642,9.3044067777622281,3672005.2873837911,1298.6454237073997,0.70424504316362713,7.8480234965314315e-10,6.5595247276798687e-11,2.794936551889759e-09,6.4794178061521951e-05,3084.3052852948681,3061.0321245281834,4104899.0219999608,3982397.3977717427,completed
0.24960938553623099,254.98175671405701,2694.8526467797901,7.9420623054190402,0.62613448947320605,22.1360572399355,2.72040485728951e-16,4340.2505422579998,2.36438945706057e-15,2.0416274097511e-17,0.092172371202424594,4,7.9411999041424028,286.49268505935623,98299.244604765016,1.1952973005973326,339.35081339207471,4340262.4285195824,8190526.6216026824,3123.8542662938517,9.0982852196027348,3615204.0173443696,1297.8405362555786,0.70446361786267964,3.202566754308268e-10,5.5292192971250242e-11,2.5064873164164543e-08,6.5920141817224189e-05,3050.9249477338217,3028.8490854698402,3930059.655273905,3817539.9032628788,completed
0.56126030212617894,569.12814168445004,2661.7567081256798,7.8726267511453099,1.39937050686298,22.0824422515709,5.8907008465566597e-16,4107.3563570020797,4.8673262219153598e-15,4.4412001339403702e-17,0.0933820542837967,5,7.871623963006404,284.45099825468179,94672.756212801862,1.1594628943439953,338.14581598853164,4107367.6054568831,7748969.5896528205,3068.2144893489913,8.7686554323515349,3524512.9872929291,1296.4990922936515,0.70481199222109925,3.2895716589705773e-10,3.7458213474326206e-11,6.4376492560755756e-09,6.7825907888685965e-05,2997.0674138609456,2976.840275104692,3659814.6640250348,3562010.3514082311,completed
0.99689861727953999,1000.70665801148,2617.6885408446301,7.78073961120666,2.46504879675958,22.006089543357,1.3509329023158301e-34,3808.4448059572701,1.0412682488253099e-33,1.0246775786444201e-35,0.094982881406761199,6,7.7795558636811775,281.6464305399511,89868.576550095066,1.1115855877183169,336.48303151408652,3808455.2358093658,7182511.1251148731,2993.9853772901242,8.3344879992156606,3405369.5377178229,1294.6194587993857,0.70526679148406257,3.4046825997356255e-10,1.1273796986454329e-11,3.0137713057889057e-08,7.0556413061989039e-05,2925.2489195368503,2907.3254496896875,3321424.2817950081,3240765.7901759325,completed
1.5558526082900499,1542.1769538752999,2564.6589359683599,7.6711783112705403,3.8079134370570702,21.905778739315998,1.07087443607809e-15,3465.2748453706099,7.5641640339961701e-15,8.1807952982159295e-17,0.096891621853815002,7,7.6697861848558269,278.12828110905048,84123.143027124417,1.0536821787093698,334.384671769904,3465284.3354133731,6532566.3140334943,2904.4896778957805,7.8189386856468595,3264428.968027066,1292.1984097281095,0.70579687851087314,3.5435196617175147e-10,5.7058835326923658e-16,3.5864412119296301e-08,7.4177055784955788e-05,2838.7063535232028,2823.3121523729906,2945472.1791634266,2882097.2814954408,completed
2.23726040861736,2184.7211502712898,2504.92381483503,7.5493677665448704,5.4103914158278696,21.780040495645601,-2.62272348924173e-32,3099.6900483218901,0,0,0.091162999999999994,8,7.5477538826439918,273.9541914008438,77696.072145098558,0.98800788507440829,331.87672170857149,3099698.5371697983,5840649.4707623404,2803.5384075774846,7.2467527364766804,3108823.4368927623,1289.2343186254791,0.70636588167929037,3.7032843382918076e-10,6.5799985642924021e-16,3.9322647276640144e-08,7.8776389500330134e-05,2741.1361020993195,2728.2737447303239,2560916.6517671254,2513187.0920198783,completed
3.0400713368227801,2918.7398629291401,2440.7973678726999,7.4209550829114201,7.2537499496188502,21.627226263503498,3.10383692138702e-34,2731.1510224000799,1.7560434339055199e-33,2.4096935290907198e-35,0.101250927530545,9,7.4191196966240254,269.18689789103735,70848.077476778184,0.91688200261796926,328.98746315999637,2731158.501962652,5143670.7115241056,2695.132928800293,6.6418878952810454,2945463.6120356903,1285.7338979336985,0.70693593148861755,3.8822654750062115e-10,9.4856636912090328e-16,4.0239842443134403e-08,8.4469862027452682e-05,2636.3959540676983,2625.8877568557523,2191369.3943717973,2156640.1148582064,completed
3.9630475166439298,3734.3145204339398,2374.48258955854,7.2914107735346603,9.3191769361250305,21.445586449969799,5.29110808286008e-18,2375.17853648559,2.6249237712990001e-17,4.1418341952416899e-19,0.10350780530707,10,7.2893664224931731,263.89120656877304,63822.687638052746,0.84253793896058227,325.74608709907585,2375185.0411776919,4470987.8057526872,2583.1559821324877,6.025733662991323,2780488.0683361697,1281.7206173274324,0.70747201675927318,4.0794287308939975e-10,2.0096958916413058e-15,2.7958312095118089e-08,9.1404788595890108e-05,2528.2043131763858,2519.7577699413091,1853197.5506174702,1828555.8017094072,completed
5.0047657857101502,4621.5926469565902,2307.9393779789998,7.16570546736025,11.5886828717568,21.233351900135901,2.7459891825042199e-16,2042.7672760271601,1.18097432428148e-15,2.1666753234979599e-17,0.10569780124947201,11,7.1634751035538562,258.13147232108895,56833.309354121673,0.76701045332149964,322.18153125624923,2042772.8703738311,3843320.494324503,2471.0935205262595,5.4160863250307631,2618918.2648047963,1277.241407169892,0.70794596862681247,4.2917138008149029e-10,4.6229749254521476e-15,1.7568762538038908e-08,9.9766785595917413e-05,2419.8797212137156,2413.1555457920831,1555421.7461699927,1538205.3273759286,completed
6.1636198899558199,5571.0713196279403,2242.8008725200498,7.04809182841481,14.045764905897901,20.988813165491099,1.0997668529074901e-33,1740.5898477313001,4.0599634965195802e-33,8.7417414263928199e-35,0.107746826862633,12,7.0457068278003741,251.96974480716017,50055.902783867219,0.69206390407471463,318.32162866479052,1740594.6145312947,3273171.494309471,2361.8320921761369,4.8268161569322459,2464523.5711536407,1272.3685865862647,0.70833909144687324,4.5141019022766974e-10,5.4794271355267048e-15,1.0414981878750235e-08,0.00010978794208383326,2314.1597743747157,2308.8253822166753,1300907.4680992139,1288953.941144242,completed
7.4378229603475798,6573.7733299618703,2180.33820121095,6.9419974706485803,16.675818197273799,20.710392418682101,2.8783105471835401e-33,1471.6958918933899,9.0437664901740998e-33,2.3030508991951201e-34,0.109595167398851,13,6.9394958128142363,245.46461593330667,43626.576636459868,0.61915806534435625,314.19259554632367,1471699.9222972097,2766181.6057324484,2257.5597213301535,4.2680311372149609,2319858.9005538002,1267.1959987426094,0.70864290508545824,4.7380719614691348e-10,6.8247615252305129e-15,6.0510252210539573e-09,0.00012175707079937889,2213.1185320012587,2208.8796460757649,1088157.4637811037,1079844.5963159821,completed
8.8254102681069906,7621.3260316482501,2121.4656216848598,6.8500142929392904,19.4663153762775,20.396703875199201,2.1497885642847e-16,1236.41449886035,5.7072280966924001e-16,1.72994945550864e-17,0.111197667659843,14,6.8474390764785547,238.67070307446565,37642.901719986054,0.54944380032825824,309.81883854538358,1236417.8849197447,2322858.9995104237,2159.7684344131203,3.746522791123299,2186416.6399289798,1261.830696514176,0.70885809943004952,4.9542181299625666e-10,3.8336257685138964e-15,3.5727132643122023e-09,0.0001360324542729944,2118.1752002236585,2114.787865445066,913104.66544075974,907277.80137285532,completed
10.324242254179801,8705.9623030229104,2066.7738856075798,6.7739579612171603,22.406796921612401,20.046600033853,4.9277892964037102e-16,1033.24237760351,1.09838084876813e-15,3.9840338107746501e-17,0.11252269571899499,15,6.7713563062884621,231.63864063753596,32167.638229540044,0.4837795032357014,305.22302949679317,1033245.2072533261,1940270.064069249,2069.331424979066,3.2663282009087204,2064834.0741927926,1256.3828240114108,0.7089922962478783,5.1519754774761344e-10,4.5103990981917575e-15,2.2198475823515437e-09,0.00015305757526923284,2030.167682403981,2027.4376156148223,770549.75426024292,766413.32201024797,completed
11.932007828281,9820.4666495393903,2016.5793178335,6.7149686248608296,25.4887238708796,19.6592026344196,1.77667068835589e-32,859.59374657381102,3.3065053866676802e-32,1.4416115750608699e-33,0.113550388273883,16,6.712390931569943,224.41542930217068,27233.736540436526,0.42275992771995641,300.42638135825138,859596.10066743148,1613459.9926784106,1986.6188613099555,2.8293025876042113,1955109.9457671198,1250.9562422806944,0.70905737873647867,5.3220797234598029e-10,2.7390300047488313e-15,1.4961824555530457e-09,0.00017338038038669157,1949.4592961758742,1947.2352912773063,655133.38745464326,652148.91183120187,completed
13.6462279324285,10958.088279911601,1970.9783053604101,6.6736278736132402,28.705241733693601,19.233918575034998,9.88612822579515e-17,712.36669226839399,1.528607934115e-16,8.0420131289949103e-18,0.114270613061868,17,6.6711273564939217,217.04500027942942,22849.757342638852,0.36675082732740188,295.44905981172536,712368.64316425985,1336521.1711481262,1911.6218703696411,2.435643444813798,1856800.7657148109,1245.641513339837,0.70906702046445413,5.456661469738425e-10,3.3856229999099553e-15,1.1148043491117454e-09,0.00019767663982211045,1876.0526031472634,1874.2183746333144,561892.31454940245,559698.07245818048,completed
15.4642593634709,12112.489283208301,1930.1404635635899,6.5413080851215,32.051040911570801,18.7704649875351,3.5938795470053798e-34,570.875799052964,4.4891566845460399e-34,2.9471036129864998e-35,0.116575844310375,18,6.5388620518266505,216.65000000000001,19059.592660534508,0.30647440977592522,295.17987201219506,570876.3510918942,1070964.6527751738,1849.9220075893165,2.016801066276777,1776748.0242803239,1240.9697908045764,0.70903896969158342,5.8229264115728682e-10,9.0419767983838331e-15,1.0414199164316532e-09,0.00023641147477651827,1814.6852625286808,1813.0953433252801,491901.66756186093,490180.03196865588,completed
17.383298848715,13277.760225808101,1893.9642449592,6.41870571720413,35.5224109414373,18.268921157821801,1.7485307150431701e-23,457.74498661448303,1.7642835623808299e-23,1.4444983994549099e-24,0.118711781896775,19,6.4163055293992155,216.65000000000001,15871.934316389636,0.25521750586464792,295.17987201219506,457745.42925551336,858695.76118887903,1796.1535495733362,1.6654736958755316,1707577.2003295249,1236.6663743059567,0.70898812858507565,6.2026993836117282e-10,8.1810875763252787e-15,1.0572962921554659e-09,0.00028389144761415682,1760.8729789962604,1759.4686929213758,436099.07200354972,434709.5892567992,completed
19.400387368369401,14448.093020968099,1861.9324108092101,6.3101488014448499,39.116280992263,17.729609707259801,9.0401414687918695e-24,368.13584269124601,7.3837862186941999e-24,7.51697808542714e-25,0.120603024297495,20,6.3077892070238661,216.65000000000001,13207.788109415986,0.21237857163969576,295.17987201219506,368136.19867991674,690582.0036795222,1749.0467924603374,1.3754850620680821,1647423.0709484874,1232.7103854439677,0.70892359138014527,6.5781539294868749e-10,1.9786228981711882e-15,1.1381632808326159e-09,0.00034115526174321,1713.4298428322209,1712.1697881436633,390965.42551196611,389816.63110328815,completed
21.512414718138199,15617.638342710199,1833.5399592318699,6.2139258702306499,42.829737844184599,17.153031517253801,-7.7243272993366394e-34,297.128458667632,0,0,0.143428,21,6.2116022570675788,216.65000000000001,10992.926005820374,0.17676403527344517,295.17987201219506,297128.74599190993,557377.98710123263,1707.6975396199007,1.137053299565735,1594961.3107875925,1229.0894171579127,0.70885185880879464,6.9464833916145364e-10,2.4816407240381661e-15,1.2799547080918542e-09,0.00040989145266064243,1671.4843088397504,1670.3372702297313,354064.39977809537,353093.50779434864,completed
23.716124304930901,16780.4735686852,1808.31892281057,6.1284509669413803,46.659837203258498,16.5398394545307,3.0898301434047801e-16,240.81477292836101,1.6687832091909599e-16,2.59710237535505e-17,0.12376850340426999,22,6.1261593159572243,216.65000000000001,9159.7344800661194,0.14728668489831875,295.17987201219506,240815.00579710404,451743.89368450694,1671.2942879471345,0.94163185012337025,1549035.5830349789,1225.7828353874133,0.7087773615505395,7.3053894620755207e-10,1.0521478805437385e-15,1.4856073937729436e-09,0.00049192543946799437,1634.2556480119274,1633.1979780814177,323558.65703341545,322721.85726606724,completed
26.0081181682927,17930.594438915199,1785.8483428638301,6.0522974490716903,50.603466432128101,15.890817092306801,4.4520154258365301e-24,196.10403721171099,1.9668653059876998e-24,3.7588964219627602e-25,0.125095224608089,23,6.0500342746610096,216.65000000000001,7647.9879917081444,0.12297810595845043,295.17987201219506,196104.22684501472,367877.3861466138,1639.1258991668244,0.78186601807416156,1508654.0715923328,1222.7657072060265,0.70870299472692655,7.6535130877063269e-10,9.4141324577446799e-15,1.7628874677127236e-09,0.00058916232797461454,1601.0622143977398,1600.0759233431356,298061.49709420913,297327.72459284961,completed
28.3848622198134,19061.925864706402,1765.7581144196699,5.9842110189726601,54.657250666317097,15.2068628068183,7.5578995473222894e-24,160.55781746301199,2.74472834609864e-24,6.4067855162142803e-25,0.126281403697798,24,5.9819733045575658,216.65000000000001,6404.995774422292,0.10299104154770103,295.17987201219506,160557.97272299411,301202.18395810435,1610.5804926196533,0.6515038972149555,1472977.7790570429,1220.0116961295266,0.70863056406939895,8.8661881140605025e-10,6.9549917632352356e-15,2.1223718453908877e-09,0.00070349873258473516,1571.3210105466155,1570.3923675317617,276523.9273330904,275870.80946021341,completed
30.842691692435299,20168.347259305199,1747.7293310052601,5.9216820878983798,58.817493141489301,14.488978753169301,3.00886265364106e-24,132.19154597369601,9.0294329937745907e-25,2.5599357852925401e-25,0.127370761891997,25,5.9194665646764939,216.75456077366471,5385.3616898346127,0.086553757873292461,295.25115344591455,132191.72874120309,247996.30312592757,1585.2243705702258,0.54499885716436358,1441410.6805472188,1217.5035682860989,0.70856137092872173,8.3206778006698916e-10,2.584475298218021e-15,2.5793090066171789e-09,0.00083723374587461484,1544.6109711268437,1543.728930472703,258195.99821136464,257606.73820504584,completed
33.377816791258702,21243.732584327299,1731.5054414689801,5.8523063782499403,63.080158477804702,13.7382672372429,1.60269551052763e-16,109.14758102671,3.9872575102681198e-17,1.3690914022799901e-17,0.128579402380256,26,5.8501054046831698,217.82297443358181,4552.6197489927254,0.072810999004075644,295.97850323908051,109147.73193372559,204784.38231909089,1563.3402098614329,0.45633550387683225,1414258.7200105856,1215.2912133116013,0.70849814683085899,8.708508213576297e-10,3.6218791426980153e-15,3.184114407965336e-09,0.00099688782247141293,1521.1105395994548,1520.262318579498,242837.72074701803,242296.51660431802,completed
35.986328537130703,22281.996698917501,1716.8594900724499,5.7891177094695498,67.440875050434599,12.9559305030612,1.9346935104601199e-16,90.889025849537205,4.0227667649524902e-17,1.65876811348216e-17,0.12968025430485799,27,5.7869306643326111,218.8541657471599,3874.2537271423771,0.061669799714151617,296.67877319737164,90889.151512344135,170543.81574103239,1543.7622782960493,0.38485426247830901,1390040.4914081376,1213.2739547976032,0.70843897485183871,9.0884744878432929e-10,2.6799868935387083e-15,3.9079315222139865e-09,0.0011788287280230145,1499.8398205938979,1499.019846565765,229536.92824935212,229035.38128149268,completed
38.664204794007901,23277.130356897898,1703.59266428307,5.7314599328954001,71.894888545222003,12.1432604156356,1.57723793521683e-32,76.3809851248878,2.76523057664241e-33,1.3568079157093001e-33,0.130684748869074,28,5.7292863002914238,219.84220541413788,3321.6671004603913,0.052636175813229186,297.34814687065222,76381.090728935669,143334.77463467853,1526.1743957846254,0.3271809460743883,1368342.0043121979,1211.430653438033,0.70838382208004746,9.4598505466844073e-10,3.5732612909072821e-15,4.7462119816112784e-09,0.0013832002887009802,1480.5154875807557,1479.7195927251551,217933.93744678338,217465.68788243373,completed
41.407316470798499,24223.2498153296,1691.54426977608,5.6788090537133504,76.437071000420801,11.301638090805699,2.4556866829228999e-33,64.822563861576398,3.6649307940921301e-34,2.1189067645924899e-34,0.13160201493589099,29,5.676648369427455,220.78129450736026,2871.5279193826573,0.045309582849220757,297.98292226204751,64822.653484997027,121656.05403000464,1510.3213783658807,0.28061108688771041,1348830.7211691064,1209.7436261820355,0.70833257606938826,9.8210324171505344e-10,5.5237328746975726e-15,5.6815704458050036e-09,0.0016091208916387558,1462.9158658871834,1462.1409502671322,207754.50312782355,207314.65736316293,completed
44.211433888121697,25114.649187757499,1680.58550984218,5.6307505616132101,81.061946554742505,10.4325363000836,3.2616523552573198e-34,55.593193317546202,4.1862506629440202e-35,2.8221226340554301e-35,0.13243927396576199,30,5.6286023689413769,221.6658153739499,2504.900124949274,0.039366879212421442,298.57954065393739,55593.270180475294,104344.43538692118,1495.9983011784609,0.24298449001514311,1331240.5078108348,1208.1983348994454,0.70828509273485585,1.017090903377488e-09,5.24692515637349e-15,6.6813552396825865e-09,0.0018544599310624885,1446.8699194792241,1446.1136905047458,198788.3810445423,198373.10745432955,completed
47.072233300166403,25945.851217199899,1670.61387792456,5.5869592097530401,85.763719490357801,9.5375216513395404,2.09813496607256e-24,48.211571204630999,2.3412112403208599e-25,1.8199589349745301e-25,0.133202192300752,31,5.5848230246460631,222.49038081354121,2206.4884332734237,0.034548541010655173,299.13461367568311,48211.637861758856,90497.714471934756,1483.0411915316854,0.21258110701505964,1315358.8863401702,1206.7829968813307,0.70824122346947282,1.0507589450217252e-09,4.071211940445352e-15,7.6983416476826182e-09,0.0021156614341688055,1432.2475384980482,1431.5083084579667,190873.38875407461,190479.62960951828,completed
49.985303561594101,26711.655659681401,1661.5481951029799,5.5471813051609402,90.536302903085996,8.6182559683824405,1.8600402579497501e-24,42.304208107578297,1.82536409558879e-25,1.61710495360719e-25,0.13389518969525399,32,5.545056590297806,223.2498807641511,1963.994284650164,0.030647021993761722,299.64494826079743,42304.266597209127,79415.752262882146,1471.3190574047637,0.18803555770452571,1301016.3180301944,1205.4881664291947,0.70820082887659486,1.0829286341313668e-09,3.758172321876893e-15,8.6754575458553762e-09,0.0023876482136555555,1418.9510705497776,1418.2275996114938,183883.48497209881,183508.749998468,completed
52.946152929205297,27407.184722142501,1653.3242737670701,5.5112193960732698,95.373346836672496,7.6764964097563704,1.67925957233424e-13,37.581314694743398,1.4669807196207301e-14,1.4629339234735801e-14,0.13452170608807701,33,5.5091055433299578,223.93952598190168,1767.5753625737002,0.027497073902558143,300.10756932562316,37581.366654520505,70555.284891762218,1460.7271154952241,0.16826763169195486,1288077.237346713,1204.306318258471,0.70816378412469072,1.1134080343765935e-09,7.5918483379194543e-15,9.5542270631584379e-09,0.0026638388235809877,1406.9079940848924,1406.1993698711785,177719.80790543658,177362.026316334,completed
55.950215987881599,28027.9251909167,1645.8911627326299,5.4789191523598504,100.268265116766,6.7140939825237202,1.2779701646694499e-30,33.818319493982003,1.00648215199261e-31,1.1153889269716101e-31,0.13508443016730401,34,5.4768154730427758,224.55488839447318,1609.3985654611024,0.024967806626773194,300.51974013618093,33818.366251056374,63495.288658626618,1451.18107128668,0.15242632076352203,1276432.575727086,1203.2314509678076,0.70812997925927801,1.141989185881931e-09,1.0442412305673578e-15,1.0285815588747445e-08,0.0029363030688238337,1396.0646206300078,1395.3701678581169,172303.90924864938,171961.32432032528,completed
58.992860690125497,28569.7670237649,1639.20791428959,5.4501581871325904,105.21426044378801,5.7329902230349203,2.4096253855005201e-25,30.841722505876898,1.73353045496419e-26,2.1065177552723901e-26,0.135585494116505,35,5.4480639092903536,225.09193794514269,1483.275356452481,0.02295626011312351,300.87898041987319,30841.765147520586,57910.4707956356,1442.6123027663684,0.13984517618792264,1265993.5354938505,1202.2587200960004,0.70809931664015857,1.1684491616050826e-09,4.965607803204313e-15,1.0841724784249984e-08,0.0031960694391297427,1386.3807070250175,1385.6999221684764,167572.62396224524,167243.71891552248,completed
62.0693954983414,29029.038272564401,1633.2408062615,5.4248365464441504,110.20434752145199,4.7352118998597703,2.8251790275263501e-16,28.518302819951799,1.8820757108687701e-17,2.47335062761739e-17,0.136026639300032,36,5.4227508185476765,225.54707583750667,1384.3685771560108,0.021382270926407917,301.18308233438529,28518.34224924435,53551.045366845232,1434.9638045870356,0.13000707831495392,1256686.3968909485,1201.384104299957,0.70807170686842258,1.1925755012867109e-09,3.7054693076951314e-15,1.1220820784813987e-08,0.0034335803254362893,1377.8248595094183,1377.1573663673935,163474.1587000037,163157.60580650781,completed
65.175076618846802,29402.536276325201,1627.9609535447701,5.4028686031749702,115.231374045845,3.7228636957401799,2.44501392688738e-16,26.7469361413971,1.5295495517700499e-17,2.1431954757876402e-17,0.13640935748502001,37,5.4007905034519421,225.91716416164175,1308.9606786846739,0.020184438317698242,301.4301244427553,26746.973121605162,50227.39975718339,1428.1867631889027,0.12251680353032125,1248448.1696378172,1200.6041047940935,0.7080470640393649,1.1802401993637675e-09,7.0868496378298039e-15,1.144855627456765e-08,0.0036392702154729871,1370.3706195824989,1369.7161422228032,159965.08511811143,159659.7121107626,completed
68.305115316458,29687.555097777498,1623.3422443240599,5.3841760988309302,120.288039654592,2.6981188917750298,7.8772043184466004e-16,25.4524604822494,4.6942869655995902e-17,6.9121338042774003e-17,0.13673501206486699,38,5.3821046495536979,226.19955191336851,1254.2746107653711,0.019317022559663156,301.61848385067594,25452.495672720885,47798.599157275698,1422.2376435252811,0.11708006266687551,1241222.9211129136,1199.9154756424443,0.70802530078988779,1.1569526652153364e-09,4.6895412518870395e-15,1.1568327810775935e-08,0.0038042213451717458,1363.993126753187,1363.3514766982976,157007.99708603276,156712.76649550456,completed
71.454685298373093,29881.9092364219,1619.3595441770999,5.3686821082917797,125.366912708424,1.6632081580156399,2.3259003317612801e-32,24.581169889061901,1.3398061699854901e-33,2.0427334407876698e-33,0.137004943203377,39,5.3666162943370068,226.39209747408529,1218.3401068678832,0.018747638641612042,301.74684668361522,24581.20387489034,46163.941915767544,1417.0756859274645,0.11348795599356272,1234958.6410977081,1199.3149817682358,0.70800632339175551,1.1371567656769541e-09,6.975726577803338e-15,1.1625124523884817e-08,0.0039208342827852906,1358.6662658550042,1358.0373406620001,154569.64727318689,154283.64542270737,completed
74.618930155965302,29983.9536347762,1615.9871027576901,5.3563056794478898,130.460445110911,0.62040661794815599,7.1428378283246501e-17,24.0976274014801,4.0364275016213904e-18,6.27762176087235e-18,0.13722056122121901,40,5.3542444704883678,226.49318759851377,1199.8997101493433,0.018455639588511749,301.81421705055124,24097.660718764313,45256.987107830428,1412.6607057996314,0.11160604095299287,1229604.5003467668,1198.7991787576038,0.70799002692485891,1.1209546837470849e-09,3.5977277475610659e-15,1.1648648834550473e-08,0.0039834412444574984,1354.3601991215996,1353.7439897950539,152619.41207232638,152341.84531819657,completed
77.792970853013301,29992.6000787009,1613.1971111364001,5.3469569475181604,135.56098504737901,-0.42798062948652099,9.0702249750800998e-17,23.9825780241346,5.10381958217773e-18,7.97575346727471e-18,0.13738343171265399,41,5.3448993232412034,226.50175303627944,1198.3505032370747,0.018431114238807018,301.81992467505268,23982.611182352262,45041.644636855053,1408.9511113232022,0.11136744243572733,1225108.3908586272,1198.3642095076814,0.70797629051100952,1.1083915463991966e-09,7.2218625918039455e-15,1.1640122179156034e-08,0.0039887903900806179,1351.0392021252508,1350.435807001925,151127.97011622172,150858.1665221242,completed
80.971913248821394,29907.330058616801,1610.9584076066701,5.3405326927342402,140.66078762738499,-1.4796341656738301,2.7580469086461799e-16,24.231817600441499,1.5686517306199399e-17,2.4261230011905599e-17,0.13749535293808199,42,5.338477670457471,226.41728087416496,1213.7191558478364,0.018674454817268597,301.76363132912047,24231.851103256959,45510.05548470853,1405.902124014533,0.11276964557199851,1221414.722525904,1198.0056197317979,0.70796497275734815,1.0994224842042369e-09,1.5249899275644712e-15,1.1568641501615423e-08,0.0039363408064995008,1348.6597821196331,1348.0694247969027,150066.1265849109,149803.54150733064,completed
84.150855644629303,29728.2041898106,1609.2352039741099,5.3369118959703803,145.75202380406901,-2.5322369159956,1.1158783988241001e-15,24.855931955216999,6.5114028002067603e-17,9.8178588534617795e-17,0.13755843325236899,43,5.3348585601666674,226.23982371124205,1246.6695609014782,0.019196479878975901,301.64533620247198,24855.966320930405,46682.105261172677,1403.4640224348623,0.1158748275102094,1218462.2532823088,1197.7181740460255,0.70795590688768184,1.0940086109697084e-09,7.8345113803019903e-15,1.1380179633790981e-08,0.0038283293365542381,1347.1689150468148,1346.591964446096,149403.66761900857,149147.89218833906,completed
87.324896341677402,29455.868378156501,1607.9857394307801,5.3359509641738603,150.826787052485,-3.5834915218702901,1.9456394628786899e-25,25.880875648847901,1.18220426586332e-26,1.7119293179727999e-26,0.137575174285818,44,5.3338984975133226,225.97000586041224,1298.5440224043473,0.020019128926388016,301.46538037430355,25880.911431644221,48606.510990158851,1401.5802794617662,0.1208137712757956,1216181.7924831593,1197.4956591727139,0.70794889517973836,1.0919494906658195e-09,2.8716592177204503e-15,1.1014522573311838e-08,0.0036695986757301529,1346.502277862214,1345.9392687568375,149108.16158253071,148858.93329224389,completed
90.489141199269596,29091.5569235152,1607.1610292596899,5.3374791612757697,155.877097509121,-4.6311379898046496,3.7318282603279897e-17,27.3494162571298,2.3959814305046002e-18,3.2832780265085899e-18,0.13754855054530701,45,5.3354268765572259,225.60902676970423,1371.4407429691514,0.021176777389168646,301.22445053482539,27349.454070324438,51363.530978452131,1400.1858113119511,0.12779362734316702,1214494.0394350535,1197.3307012140208,0.70794370359798753,1.0930638400919085e-09,9.5854996440400609e-16,1.0426750935280274e-08,0.0034672064730315679,1346.5826640783212,1346.0343154699779,149143.77181359645,148900.98586157063,completed
93.638711181184703,28637.092576073599,1606.70344943392,5.3412933706342303,160.89490445890601,-5.67297133142951,2.9885790581079501e-17,29.323502518211299,2.0568415576601299e-18,2.6287983231068901e-18,0.13748210066126701,46,5.3392407432838285,225.15866167526423,1468.3322903041569,0.022718255888294243,300.9235819634045,29323.543060769982,55069.407062978229,1399.2049920955826,0.13710998618736253,1213307.1367331981,1197.2145566799511,0.70794005539119953,1.097057814077925e-09,7.6759012324203697e-16,9.6037941083609647e-09,0.0032298623252098881,1347.3182694724892,1346.7854991663783,149469.93342959331,149233.65393299662,completed
96.768749878795902,28094.883902607398,1606.54511058496,5.34715201413354,165.87208615982399,-6.7068590009992999,2.6151668853085701e-28,31.887657986207,1.9565846262614e-29,2.2995787512737701e-29,0.137380033327103,47,5.3450987149802325,224.62125983062629,1593.2316776250261,0.024709694157755015,300.56416097282522,31887.702073956978,59882.729879248749,1398.5493736502465,0.14916394539224906,1212513.8661179207,1197.1368696056998,0.70793762346151823,1.1035623436187693e-09,1.4017684631640746e-14,8.5716524332407151e-09,0.0029672593865653495,1348.6007846060136,1348.0847182402226,150039.86956284774,149810.3395280129,completed
99.874430999301296,27467.921155213298,1606.60606163528,5.3547682309596203,170.800445856371,-7.7307580995658096,2.70588122667715e-16,35.153529937942103,2.23083511149674e-17,2.3783228240345001e-17,0.13724734613629799,48,5.3527141589160889,223.9997414797962,1751.4145608816234,0.027238346163993229,300.14792756290456,35153.578541073963,66012.970480500531,1398.1151693768059,0.16448505831398111,1211988.5601243831,1197.0854002118772,0.70793602173108816,1.1121597673389751e-09,6.7237206653576997e-15,7.3913459638721655e-09,0.0026893766396589623,1350.3033323191087,1349.8053046349844,150798.97985914949,150576.62825658693,completed
102.95096580751699,26759.768807071101,1606.7921666253301,5.3638017997858896,175.67170674921601,-8.7427314997341501,4.1195011237224701e-17,39.265743150774597,3.7916354514489897e-18,3.6189703700061701e-18,0.137089966311397,49,5.361747114223367,223.29759173556823,1949.7087877323536,0.030417604300732547,299.67697699932813,39265.797439435686,73731.459033367384,1397.780301526227,0.18376131789525574,1211583.4914987418,1197.0456983665317,0.7079347947229836,1.1223316679865427e-09,2.6903874425706961e-15,6.1457597041349489e-09,0.0024058239352050485,1352.2780633630111,1351.7996099849872,151683.0517534735,151468.4959945197,completed
105.993610509761,25974.556684703199,1606.99264182501,5.3738497188433803,180.477503605701,-9.7409632454691604,5.46742426842751e-17,44.409178463249603,5.6882273627248103e-18,4.80038954908285e-18,0.13691491481488399,50,5.3717948714310655,222.51885325073545,2196.8635136667044,0.034393435495105859,299.15376150558433,44409.239863203962,83385.035729152747,1397.4010116002166,0.20787742080657756,1211124.7482070175,1197.0007166359362,0.70793340525865467,1.133535030091397e-09,2.4991631720689889e-15,4.9218448023641553e-09,0.0021252913402480043,1354.3533839651388,1353.8962217504088,152616.34016480268,152410.38178991884,completed
108.99767356843699,25116.970929077099,1607.07718850067,5.3844351930886996,185.20936988082201,-10.7237733521132,-5.3484510933414301e-33,50.817719378069697,0,0,0.143428,51,5.3823809589064986,221.66811887686526,2504.0110059402427,0.039352496922043609,298.58109278596453,50817.789638447357,95412.455706668115,1396.8079737225764,0.2379625979886815,1210407.5346321114,1196.9303474775854,0.70793121986419283,1.1450978290431416e-09,3.8471446515678815e-16,3.7941295188034249e-09,0.0018551440017134709,1356.3307348916098,1355.8967290294795,153509.57112386153,153313.18220250262,completed
111.95852293604899,24192.241718023801,1606.89269019574,5.3949949408427598,189.85872484121001,-11.6896310109276,8.3865436969844602e-18,58.784376817279004,1.15357742710546e-18,7.35456692521112e-19,0.13654652980561799,52,5.3929424485724171,220.75052123699686,2885.2350945488065,0.045532213582703665,297.96214321202439,58784.458092326618,110363.38089955026,1395.8019056671981,0.27544927486528731,1209190.9133077946,1196.8108710384267,0.70792749157208101,1.1562989721685758e-09,1.0397741679116135e-14,2.815313651910818e-09,0.0016011797125739602,1357.9809005936736,1357.5720168616795,154257.99889179005,154072.29641222625,completed
114.871593197476,23206.131936789501,1606.25951821273,5.4048649001313001,194.416856488848,-12.6371671857344,3.9865621599700499e-24,68.672354361817895,6.4023518819350698e-25,3.4940561222863398e-25,0.13637457866487901,53,5.4028156610352447,219.77172332992868,3358.2546320743845,0.0532330199520991,297.3004483193771,68672.449307943243,128919.14087177464,1394.1487977327984,0.32214307494033456,1207192.1636968511,1196.6143084082521,0.70792134015609909,1.1663129152328995e-09,1.1957913860485385e-14,2.0110301146195842e-09,0.0013675473554612763,1359.0399192868308,1358.6581598409587,154739.75323784997,154565.95856007031,completed
117.732392609521,22164.9251432243,1604.96757106105,5.4132647712334299,198.87490374014899,-13.5651860387947,6.3177288432499596e-16,80.926137413823398,1.19509423995523e-16,5.5345920466159501e-17,0.13622823891049499,54,5.4112207064363833,218.73790849068959,3945.2237957673678,0.062832868176476084,296.59990936093573,80926.249301981981,151913.54920281805,1391.5750121558199,0.38030367928951592,1204081.1084693451,1196.3076820693993,0.70791173025784404,1.1741816442770737e-09,1.7403111618856328e-15,1.3832359625795672e-09,0.001156804559062623,1359.2048121522935,1358.8521334902464,154814.86545503035,154654.24609318367,completed
120.536510026844,21075.411188227201,1602.7722563662501,5.4192821328432199,203.22384115234601,-14.4726747752444,1.6009273973932699e-33,96.080903616800597,3.5942885497421599e-34,1.4020003888104001e-34,0.13612340644231599,55,5.4172455981669581,217.65576803968895,4673.6364547371868,0.074803865796705102,295.86479463079587,96081.036457878159,180350.5921184732,1387.7626533281252,0.45273402818629332,1199474.9529411118,1195.8521915192098,0.70789744850170278,1.178846123138863e-09,4.0763198137171189e-15,9.166603055223407e-10,0.00097008198223917067,1358.1294978063904,1357.8077101779288,154325.52877046022,154179.32062309136,completed
123.279621703635,19944.8707214551,1599.39090836898,5.4203872089535601,207.45446745818199,-15.3588120862323,5.4709399883853699e-24,114.70455966977499,1.46628923558694e-24,4.7908352660005297e-25,0.136104154174681,56,5.4183603287926854,216.65000000000001,5577.2646011588586,0.089681291056321374,295.17987201219506,114704.67058949334,215297.35959893028,1382.4436620722875,0.54254048895466256,1193052.5586242643,1195.2140907349074,0.70787745129701596,1.1775099664712639e-09,1.5612431621443526e-15,5.8654119341121163e-10,0.00080790615682469467,1355.5057591770217,1355.2161577863883,153136.42858929705,153005.60122268248,completed
125.957497960512,18781.049852398999,1594.52775424015,5.4039058232603301,211.55742649904499,-16.222969410186401,2.5675800994233701e-29,136.8215488159,8.2160138110684294e-30,2.2504995574406402e-30,0.136391287382433,57,5.4018851060897326,216.65000000000001,6693.2978193331064,0.10762688034157986,295.17987201219506,136821.68112282504,256817.06138901407,1376.0063325453229,0.65019626052041246,1185286.299258657,1194.437769806296,0.70785316121406761,1.1566003204042526e-09,5.5001547106263279e-15,3.6938571268429174e-10,0.00067319676057169941,1351.5957126540743,1351.3373824888115,151377.13027733873,151261.43275367818,completed
128.56600970638399,17592.1107758857,1587.8614501913401,5.3813135045169398,215.52330193492,-17.064696170848102,-2.6536247055955099e-33,163.48355100879701,0,0,0.143428,58,5.379301235437012,216.65000000000001,8064.8940281296091,0.12968187102415704,295.17987201219506,163483.70909797447,306873.55066210934,1367.2046290547992,0.78192860680855847,1174678.9122394617,1193.3690844864293,0.70781980620006024,1.1273281110708471e-09,7.1354845006621104e-15,2.2520002357617222e-10,0.00055870621409289203,1345.252324850029,1345.0261186746127,148555.26586724544,148455.37191282309,completed
131.10113480520701,16386.599332089299,1579.0304676849701,5.3513850208863696,219.34263394112099,-17.8837242935939,4.9263640840558403e-16,195.32043908287801,2.2570801867911299e-16,4.33083432356392e-17,0.13730628729445801,59,5.3493839431563073,216.65000000000001,9743.5335556583104,0.15667405640759161,295.17987201219506,195320.62795843685,366652.94262792851,1355.5849084429296,0.9422578078911189,1160695.5286762966,1191.945383686422,0.70777557136396618,1.0874131858599917e-09,1.8053621652825619e-15,1.3240357227460703e-10,0.00046245095619340028,1336.0033774474086,1335.8095241529988,144511.78654081459,144427.93049756266,completed
133.55896427782901,15173.3883418652,1567.65905408759,5.3128469346133702,223.00600494494199,-18.679959119039498,2.7587078497096602e-35,232.88610383412001,1.5103107170812599e-35,2.4304965136749099e-36,0.13797768498747701,60,5.310860267677139,216.65000000000001,11786.643772545924,0.18952685704085726,295.17987201219506,232886.32903581159,437200.82705025212,1340.6900927792533,1.1360409578429769,1142804.3746689875,1190.0988366676195,0.70771863266668378,1.0340498133561207e-09,6.7232952646013392e-15,7.5353619885389059e-11,0.00038228918227019499,1323.3745871917615,1323.2125578801158,139124.68958540013,139056.56635484344,completed
135.93570832935001,13961.5971623682,1553.37423286887,5.2644352162454604,226.50418011091801,-19.453460471397101,3.0926050763470098e-34,276.56733960250398,2.0161628830359498e-34,2.7321025504356399e-35,0.13882109780764401,61,5.2624666522136501,216.65000000000001,14256.027070102196,0.2292340429240137,295.17987201219506,276567.60704410874,519252.14527825674,1322.0876940798621,1.368231390606943,1120512.6734080641,1187.758271662861,0.70764733930833268,9.6367553266224882e-10,2.7012620556037362e-15,4.1175733572539962e-11,0.00031607027591624558,1306.917460633211,1306.7858750003611,132332.24700045379,132278.96010713201,completed
138.227702192712,12760.4834396762,1535.8309887472899,5.2049805979013497,229.82830258065999,-20.204413248218099,1.88097818156625e-34,326.47282325326,1.45237845210239e-34,1.6672665442615001e-35,0.13985689635022899,62,5.2030342661163518,216.65000000000001,17215.117669442108,0.27681562355160066,295.17987201219506,326473.1389536403,613023.90368482028,1299.4087932426833,1.6435131762873738,1093415.3327358279,1184.8524752771264,0.70756051600925851,1.2553801248908621e-09,8.943433241415071e-15,2.1678447065715213e-11,0.00026174124952482475,1286.2481900908967,1286.1447909890881,124157.26939926053,124117.35112433837,completed
140.431411779504,11579.3029129322,1514.74496637985,5.1335193901815002,232.97014633142101,-20.9330857487437,2.7078174794420401e-17,382.315113061847,2.4582429328991999e-17,2.4097700735881701e-18,0.141101869690721,63,5.1315997803443381,216.65000000000001,20724.890433558037,0.3332520624350685,295.17987201219506,382315.48276192346,717994.90125459223,1272.3958156463332,1.9658063805537007,1061253.0763241353,1181.3151598589045,0.70745790896919925,7.5253304627854526e-10,1.5357453767976623e-15,1.086635386678814e-11,0.00021741521017745114,1261.0955938415752,1261.0173177872375,114726.85252878923,114698.37085204506,completed
142.543439129273,10427.1349766803,1490.0053052414301,5.00557190437633,235.92242271277701,-21.639773659884899,8.4903272671873402e-14,435.28815153885,8.8384138744885606e-14,7.6097390076387293e-15,0.14333092813925699,64,5.0036692492859824,220.48461558360646,24818.263841767544,0.39213210566095197,297.78253337869046,435289.3436241427,817895.42707324179,1244.2981266020174,2.2898916260226447,1027930.1172439398,1177.5463213780456,0.70735306778977736,5.2215137384193187e-10,9.0601740234298914e-15,5.6495686387829092e-12,0.00018584647776543044,1234.5160646528227,1234.4571520253701,105356.18321308769,105336.07374519689,completed
144.560527648928,9312.5298076439994,1461.5813947583899,4.83158641716002,238.67950029503001,-22.324630337558101,-1.5120770490341299e-32,480.42130561340099,0,0,0.143428,65,4.8297260689136028,227.70710383444748,29399.822999736753,0.44978755210693694,302.62200669429637,480422.62130088324,903477.33063313598,1214.9146014945538,2.5906756167919633,993224.67833336361,1173.5055197120582,0.70724671152324314,1.4393950096364899e-10,1.6409323500820831e-15,3.4878693056026689e-12,0.00016372922446768011,1206.3714955525611,1206.3274857476147,96072.106665285464,96058.088153320641,completed
146.47956713417199,8243.8116918598098,1428.99972447445,4.6536222707775199,241.236431804847,-22.987928544578601,1.8842030551223501e-28,521.71465836915002,2.40931751252178e-28,1.7307457421677701e-29,0.163173955209786,66,4.6518464250053624,234.63462575026736,34415.393586370541,0.51097533137420692,307.18978958399356,521716.08714309894,982081.61148835567,1180.7719929065436,2.8974966651074499,953081.27457469411,1168.679840137926,0.70712922499036679,1.2450949281709064e-11,4.8858507635200091e-16,1.1609528748628943e-12,0.00014549898887319747,1173.3812891960679,1173.3499400007654,85986.382934165129,85977.194119203996,completed
148.297598565214,7228.5354294940998,1392.7820071869501,4.4733556499059599,243.59010239121699,-23.629770466735899,1.46171915959973e-33,557.54469655197897,2.0223476435882701e-33,1.3594035439346101e-34,0.173450414465811,67,4.471696081503282,241.21788810875907,39802.907162929077,0.57483682079137577,311.46615999867515,557546.22345049074,1050674.4637461889,1142.7284413583986,3.2030696654442607,908583.63191790867,1163.1339162690986,0.70700894022139749,1.6803582366095861e-15,1.793796903579199e-15,1.3017807535421105e-12,0.00013044917921868325,1136.3872701350151,1136.3659717554287,75644.696760409483,75639.025932463264,completed
150.01181866936199,6273.0266077774904,1353.6945727776599,4.2930134538531703,245.74006361274499,-24.2498211085951,9.2743056416584197e-17,586.73724209591705,1.36694972755508e-16,8.7313452495161992e-18,0.18373118203619301,68,4.2914915911860012,247.41552491830623,45480.069126364746,0.64037366674997998,315.43684614410523,586738.84894148458,1107053.4863042966,1101.9175227757,3.4999397113161073,861122.59671965335,1156.9816814691294,0.70689655415090302,1.169782483119558e-10,1.081521467632186e-14,4.8711315075934658e-13,0.0001180048756632858,1096.5108794830185,1096.4970394506058,65572.965698949149,65569.655144332137,completed
151.61958424346301,5382.2295610547098,1312.68607707517,4.1151745658619099,247.68858419530201,-24.8472043556141,1.66904581736054e-17,608.70029935713899,2.5827230125004001e-17,1.59018111110959e-18,0.19386924352391,69,4.113802231340971,253.19510392054443,51348.640512760314,0.70650126283583914,319.09314139471292,608701.96635099244,1150094.4319380899,1059.6316532968842,3.7811109075858838,812247.08679272514,1150.3796596470104,0.70680375418648278,2.702392186350984e-15,7.5962255293407426e-15,7.262842386842331e-14,0.00010769911443270752,1055.0385754754604,1055.0299249657444,56201.305276173793,56199.462067899331,completed
153.118416229536,4559.6587726300504,1270.8108515777301,3.9425532649616901,249.44048230234,-25.420433754568801,4.1692785520004299e-16,623.45923532287895,6.6841055063132001e-16,4.0179775650661501e-17,0.203709866024329,70,3.941333940883657,258.53346169030789,57300.034515836334,0.77210687275931744,322.43166162489928,623460.94273573393,1179816.0617414068,1017.1959405637887,4.0406414461974549,763509.53221114783,1143.5151856573359,0.7067412742718,3.8858834558669989e-10,1.4485026194146225e-14,3.8204832973068411e-13,9.915320027332393e-05,1013.2961218135147,1013.2908768896446,47820.990559195889,47820.000461623815,completed
154.50600353729499,3807.4553960632002,1229.1422660466101,3.77777267365795,251.00275891567699,-25.967382586202501,5.7853223984381799e-34,631.58776198219505,9.4978597387589792e-34,5.63591350156049e-35,0.21310351319278101,71,3.7767030953240499,263.41635441653335,63221.387741797836,0.83610454763751918,325.45377145701912,631589.49165592552,1197251.4056666403,975.8469563079085,4.2740940479825094,716323.23812464438,1136.6188845602326,0.70673485121795943,5.7021358134736433e-15,3.5753929844544752e-15,3.6974295167623338e-13,9.2060504936529813e-05,972.52655333732309,972.52343431327267,40576.904934711703,40576.384394750683,completed
155.78020660768701,3126.5369033657198,1188.69279217135,3.6231721789259899,252.384084179426,-26.485304383643399,3.3225395686134901e-16,634.06374228084405,5.5312384246090001e-16,3.2693523841309801e-17,0.22191682359596601,72,3.6222440333890162,267.83750070802398,69001.246104538091,0.8974801379506866,328.16474572509526,634065.47873532085,1204182.5686057098,936.62874525699954,4.4788354535646286,671858.991695098,1129.2824372077116,0.70640979990249486,7.9093741019582859e-15,9.8765863464794941e-15,1.434209182655483e-12,8.6173226753209596e-05,933.78403396957447,933.78218986263812,34487.270378207751,34486.997946794021,completed
156.939060711933,2516.8122249467701,1150.35319712046,3.4806772451878798,253.59420824456399,-26.9709035969518,5.4947134600325603e-16,632.093446695029,9.2028247779340792e-16,5.4564746129632597e-17,0.230040032283574,73,3.4798787796084052,271.79719504696237,74534.224918376465,0.95532262893662845,330.57277852934595,632095.17775363591,1202812.6967910181,900.33887534748897,4.6540613298812987,630993.33439694962,1121.7820813103592,0.70582176200378477,8.9732115601069185e-15,2.2139439289930652e-14,3.2306093456010567e-13,8.1291591503730427e-05,897.87954746346395,897.8784486816586,29481.213907632391,29481.069597130736,completed
157.98077898099899,1977.4298017871399,1114.85755551086,3.3517433503140799,254.643368462344,-27.420453057709601,2.2792257660918601e-16,626.94629211371,3.8174958905839799e-16,2.28202560781351e-17,0.237390166828645,74,3.3510607514392401,275.30070338094077,79724.312963973949,1.0088410844977094,332.68795709897,626948.00907625456,1195457.8280728571,867.54028867711679,4.8004790830606616,594306.85956033389,1114.532654347606,0.70512934954705075,8.9153137132736708e-13,2.1155493252442541e-14,5.564183772286109e-13,7.7255056581846391e-05,865.38969848456736,865.38902971162383,25440.165382204756,25440.086741682026,completed
158.90375516082,1507.0274392257099,1082.7735005310799,3.2373664263758499,255.541750721174,-27.8299481706728,2.1582317389082301e-14,619.82722560950504,3.5997202545908903e-14,2.1765586626538301e-15,0.24391045213159199,75,3.2367849010799725,278.35664340064216,84486.80589747944,1.0573690561438267,334.52130234845265,619828.92307568539,1184311.6849288652,838.58066059175417,4.9199540114295361,562119.68889858923,1107.8416188784308,0.70444492603330344,1.5597926299567757e-12,1.8224852327879339e-14,1.4058968539841412e-13,7.393515594179984e-05,836.67483339888031,836.67441223919366,22227.973456486816,22227.928700656266,completed
159.70656608902499,1103.96071089465,1054.5122381352601,3.13814085097155,256.29903976162302,-28.195283768349501,5.3218728670192103e-16,611.79615672085197,8.81609589423427e-16,5.4005977922505099e-17,0.24956700450866501,76,3.1376453973206897,280.97550135310081,88749.075902424098,1.1003597116803139,336.08394340409956,611797.83219305985,1171298.5115941602,813.62972328325725,5.0151113046149121,534547.37541589269,1101.9109448790173,0.70383573945523126,2.6044230777040422e-12,2.4609477048145139e-14,5.8137152482616406e-14,7.122970046237821e-05,811.91577404837074,811.91549654685923,19711.376895807618,19711.349947524293,completed
160.38797388935299,766.49671621354298,1030.3514822117299,3.0543448096991401,256.924071451298,-28.512442207934701,6.4303033119601199e-16,603.73086221794199,1.0566989037639699e-15,6.5596422316503804e-17,0.25434396543348098,77,3.0539207081567112,283.16837202764515,92450.488410519625,1.1373752194824713,337.38645520814146,603732.51560244116,1158006.6100970858,792.72560370347969,5.0889464501511759,511562.92324835656,1096.85526464599,0.70333299202549571,4.1070581031461344e-12,3.1745727958030974e-14,4.429832152261661e-13,6.9058110745113467e-05,791.15991673553083,791.15972371304645,17771.748156478345,17771.730813103619,completed
160.94692788036301,492.33605676217201,1015.21576846415,3.0000535797401802,257.42575464544302,-28.777073281570399,2.8602317334668498e-16,601.98041566191603,4.7024619823863097e-16,2.9276233624778301e-17,0.257438945579752,78,2.9996850444340546,284.95006346841063,95549.033905044271,1.1681452254134905,338.44078742463074,601982.06425261823,1156162.6751650709,780.22671442693468,5.1622356141082228,497871.21404825046,1093.8049101475176,0.70304295616361967,5.6256758160844251e-12,2.9345185013778281e-14,4.8320308934667499e-07,6.7353831099101178e-05,778.74902275273803,778.7488687297456,16682.575714202299,16682.56251611462,completed
161.382566195517,278.39946066081097,1017.67859321833,3.0000210245991701,257.81347875793602,-28.9842984632634,6.4783721028032103e-17,617.56665619080502,1.0926782936119e-16,6.6310262920365298e-18,0.25744080145067499,79,2.9996909939192249,286.34048275490551,98025.079400136645,1.19259709167883,339.2611423247597,617568.34746616799,1186149.6892934998,783.78997795818134,5.2720497775162007,501770.65256552841,1094.676223774384,0.7031245573426691,5.6787191329431236e-12,3.3293295645630626e-14,4.235454731877431e-07,6.6059904375395073e-05,782.30588541932502,782.30572277540682,16989.454550924449,16989.440422279138,completed
161.694217112107,124.19931219563399,1019.45271871648,3.00000531706899,258.09095939604703,-29.132054082292498,-1.4270292751441601e-32,629.00602541223202,0,0,0.257442,80,2.9997035934232423,287.34272024346416,99841.872344847085,1.2104638220232806,339.85115094424617,629007.74801558303,1208159.1968500167,786.3591137678111,5.3523309488385893,504584.10937505303,1095.3036478591312,0.70318395920437871,5.7231708842789501e-12,2.0533670105920802e-14,3.8098030079180798e-07,6.5146281880662342e-05,784.87040433543336,784.87023522130971,17213.3285604312,17213.313724779262,completed
161.88140008700901,31.120091778870201,1020.52374787034,3.0000005093533,258.257662271519,-29.220583438721,7.1197827839541895e-16,635.99598670099999,1.2366997101934399e-15,7.2875602349672204e-17,0.25744197096329602,81,2.9997160967367407,287.94772039371446,100951.70964073313,1.221347729900329,340.20677789492242,635997.72844714718,1221608.2732062244,787.91074029956144,5.4012548695374303,506284.07854288636,1095.6822353993159,0.70322005052051839,5.749401116506564e-12,2.276413055302168e-14,3.5545290441538694e-07,6.4602346257205541e-05,786.41923991644285,786.41906678841042,17349.603981927561,17349.588704062237,completed
161.94382649764299,-9.8917513476304703e-30,1020.88196232437,2.9999999948459299,258.31326570406299,-29.250071183291102,3.5464232256300102e-18,638.34749780660695,0,0,0.257442,82,2.9997214075896683,288.14999999999998,101324.97393154731,1.2250030577603486,340.32559148373298,638349.08176093316,1226132.4362546268,788.42974930810408,5.4176894495143237,506852.83910928783,1095.8088104990838,0.70323215760860558,5.7364155914913122e-12,3.0088431952218309e-14,3.4694227449578162e-07,6.4421755916671894e-05,786.93731437793576,786.9371398890853,17395.367219604796,17395.351791201214,completed
